<?xml version="1.0" encoding="UTF-8" ?>
<extension type="package" version="3.9.0" method="upgrade">
    <name>JCH Optimize Package</name>
    <author>Samuel Marshall</author>
    <creationDate>2021-09-15</creationDate>
    <packagename>jchoptimize</packagename>
    <version>7.0.1</version>
    <url>https://www.jch-optimize.net</url>
    <packager>JCH Optimize</packager>
    <description>JCH Optimize installation package version 7.0.1</description>
    <variant>FREE</variant>
    <files>
        <file type="plugin" id="jchoptimize" group="system">plg_system_jchoptimize.zip</file>
        <file type="component" client="administrator" id="com_jchoptimize">com_jchoptimize-core.zip</file>
    </files>
    <scriptfile>script.jchoptimize.php</scriptfile>
    <updateservers>
        <server type="extension" priority="1" name="JCH Optimize Updates">https://updates.jch-optimize.net/joomla-core.xml</server>
    </updateservers>
</extension>
